timestamp,cmdb_id,parent_id,span_id,trace_id,duration
1615109700000,apache01,,2021_03_07-A-1615109700,trace-2021_03_07-1615109700,25
1615109700005,Tomcat02,2021_03_07-A-1615109700,2021_03_07-B-1615109700,trace-2021_03_07-1615109700,38
1615109700010,Mysql01,2021_03_07-B-1615109700,2021_03_07-C-1615109700,trace-2021_03_07-1615109700,54
1615109760000,apache01,,2021_03_07-A-1615109760,trace-2021_03_07-1615109760,21
1615109760005,Tomcat02,2021_03_07-A-1615109760,2021_03_07-B-1615109760,trace-2021_03_07-1615109760,30
1615109760010,Mysql01,2021_03_07-B-1615109760,2021_03_07-C-1615109760,trace-2021_03_07-1615109760,57
1615109820000,apache01,,2021_03_07-A-1615109820,trace-2021_03_07-1615109820,22
1615109820005,Tomcat02,2021_03_07-A-1615109820,2021_03_07-B-1615109820,trace-2021_03_07-1615109820,32
1615109820010,Mysql01,2021_03_07-B-1615109820,2021_03_07-C-1615109820,trace-2021_03_07-1615109820,58
1615109880000,apache01,,2021_03_07-A-1615109880,trace-2021_03_07-1615109880,25
1615109880005,Tomcat02,2021_03_07-A-1615109880,2021_03_07-B-1615109880,trace-2021_03_07-1615109880,37
1615109880010,Mysql01,2021_03_07-B-1615109880,2021_03_07-C-1615109880,trace-2021_03_07-1615109880,59
1615109940000,apache01,,2021_03_07-A-1615109940,trace-2021_03_07-1615109940,21
1615109940005,Tomcat02,2021_03_07-A-1615109940,2021_03_07-B-1615109940,trace-2021_03_07-1615109940,37
1615109940010,Mysql01,2021_03_07-B-1615109940,2021_03_07-C-1615109940,trace-2021_03_07-1615109940,52
1615110000000,apache01,,2021_03_07-A-1615110000,trace-2021_03_07-1615110000,23
1615110000005,Tomcat02,2021_03_07-A-1615110000,2021_03_07-B-1615110000,trace-2021_03_07-1615110000,31
1615110000010,Mysql01,2021_03_07-B-1615110000,2021_03_07-C-1615110000,trace-2021_03_07-1615110000,60
1615110060000,apache01,,2021_03_07-A-1615110060,trace-2021_03_07-1615110060,25
1615110060005,Tomcat02,2021_03_07-A-1615110060,2021_03_07-B-1615110060,trace-2021_03_07-1615110060,36
1615110060010,Mysql01,2021_03_07-B-1615110060,2021_03_07-C-1615110060,trace-2021_03_07-1615110060,51
1615110120000,apache01,,2021_03_07-A-1615110120,trace-2021_03_07-1615110120,24
1615110120005,Tomcat02,2021_03_07-A-1615110120,2021_03_07-B-1615110120,trace-2021_03_07-1615110120,36
1615110120010,Mysql01,2021_03_07-B-1615110120,2021_03_07-C-1615110120,trace-2021_03_07-1615110120,51
1615110180000,apache01,,2021_03_07-A-1615110180,trace-2021_03_07-1615110180,24
1615110180005,Tomcat02,2021_03_07-A-1615110180,2021_03_07-B-1615110180,trace-2021_03_07-1615110180,38
1615110180010,Mysql01,2021_03_07-B-1615110180,2021_03_07-C-1615110180,trace-2021_03_07-1615110180,60
1615110240000,apache01,,2021_03_07-A-1615110240,trace-2021_03_07-1615110240,25
1615110240005,Tomcat02,2021_03_07-A-1615110240,2021_03_07-B-1615110240,trace-2021_03_07-1615110240,34
1615110240010,Mysql01,2021_03_07-B-1615110240,2021_03_07-C-1615110240,trace-2021_03_07-1615110240,56
1615110300000,apache01,,2021_03_07-A-1615110300,trace-2021_03_07-1615110300,27
1615110300005,Tomcat02,2021_03_07-A-1615110300,2021_03_07-B-1615110300,trace-2021_03_07-1615110300,32
1615110300010,Mysql01,2021_03_07-B-1615110300,2021_03_07-C-1615110300,trace-2021_03_07-1615110300,56
1615110360000,apache01,,2021_03_07-A-1615110360,trace-2021_03_07-1615110360,22
1615110360005,Tomcat02,2021_03_07-A-1615110360,2021_03_07-B-1615110360,trace-2021_03_07-1615110360,35
1615110360010,Mysql01,2021_03_07-B-1615110360,2021_03_07-C-1615110360,trace-2021_03_07-1615110360,52
1615110420000,apache01,,2021_03_07-A-1615110420,trace-2021_03_07-1615110420,23
1615110420005,Tomcat02,2021_03_07-A-1615110420,2021_03_07-B-1615110420,trace-2021_03_07-1615110420,36
1615110420010,Mysql01,2021_03_07-B-1615110420,2021_03_07-C-1615110420,trace-2021_03_07-1615110420,48
1615110480000,apache01,,2021_03_07-A-1615110480,trace-2021_03_07-1615110480,27
1615110480005,Tomcat02,2021_03_07-A-1615110480,2021_03_07-B-1615110480,trace-2021_03_07-1615110480,33
1615110480010,Mysql01,2021_03_07-B-1615110480,2021_03_07-C-1615110480,trace-2021_03_07-1615110480,60
1615110540000,apache01,,2021_03_07-A-1615110540,trace-2021_03_07-1615110540,23
1615110540005,Tomcat02,2021_03_07-A-1615110540,2021_03_07-B-1615110540,trace-2021_03_07-1615110540,38
1615110540010,Mysql01,2021_03_07-B-1615110540,2021_03_07-C-1615110540,trace-2021_03_07-1615110540,49
1615110600000,apache01,,2021_03_07-A-1615110600,trace-2021_03_07-1615110600,22
1615110600005,Tomcat02,2021_03_07-A-1615110600,2021_03_07-B-1615110600,trace-2021_03_07-1615110600,30
1615110600010,Mysql01,2021_03_07-B-1615110600,2021_03_07-C-1615110600,trace-2021_03_07-1615110600,47
1615110660000,apache01,,2021_03_07-A-1615110660,trace-2021_03_07-1615110660,21
1615110660005,Tomcat02,2021_03_07-A-1615110660,2021_03_07-B-1615110660,trace-2021_03_07-1615110660,35
1615110660010,Mysql01,2021_03_07-B-1615110660,2021_03_07-C-1615110660,trace-2021_03_07-1615110660,57
1615110720000,apache01,,2021_03_07-A-1615110720,trace-2021_03_07-1615110720,25
1615110720005,Tomcat02,2021_03_07-A-1615110720,2021_03_07-B-1615110720,trace-2021_03_07-1615110720,37
1615110720010,Mysql01,2021_03_07-B-1615110720,2021_03_07-C-1615110720,trace-2021_03_07-1615110720,57
1615110780000,apache01,,2021_03_07-A-1615110780,trace-2021_03_07-1615110780,25
1615110780005,Tomcat02,2021_03_07-A-1615110780,2021_03_07-B-1615110780,trace-2021_03_07-1615110780,35
1615110780010,Mysql01,2021_03_07-B-1615110780,2021_03_07-C-1615110780,trace-2021_03_07-1615110780,52
1615110840000,apache01,,2021_03_07-A-1615110840,trace-2021_03_07-1615110840,27
1615110840005,Tomcat02,2021_03_07-A-1615110840,2021_03_07-B-1615110840,trace-2021_03_07-1615110840,32
1615110840010,Mysql01,2021_03_07-B-1615110840,2021_03_07-C-1615110840,trace-2021_03_07-1615110840,52
1615110900000,apache01,,2021_03_07-A-1615110900,trace-2021_03_07-1615110900,20
1615110900005,Tomcat02,2021_03_07-A-1615110900,2021_03_07-B-1615110900,trace-2021_03_07-1615110900,38
1615110900010,Mysql01,2021_03_07-B-1615110900,2021_03_07-C-1615110900,trace-2021_03_07-1615110900,55
1615110960000,apache01,,2021_03_07-A-1615110960,trace-2021_03_07-1615110960,22
1615110960005,Tomcat02,2021_03_07-A-1615110960,2021_03_07-B-1615110960,trace-2021_03_07-1615110960,36
1615110960010,Mysql01,2021_03_07-B-1615110960,2021_03_07-C-1615110960,trace-2021_03_07-1615110960,46
1615111020000,apache01,,2021_03_07-A-1615111020,trace-2021_03_07-1615111020,21
1615111020005,Tomcat02,2021_03_07-A-1615111020,2021_03_07-B-1615111020,trace-2021_03_07-1615111020,32
1615111020010,Mysql01,2021_03_07-B-1615111020,2021_03_07-C-1615111020,trace-2021_03_07-1615111020,50
1615111080000,apache01,,2021_03_07-A-1615111080,trace-2021_03_07-1615111080,21
1615111080005,Tomcat02,2021_03_07-A-1615111080,2021_03_07-B-1615111080,trace-2021_03_07-1615111080,33
1615111080010,Mysql01,2021_03_07-B-1615111080,2021_03_07-C-1615111080,trace-2021_03_07-1615111080,55
1615111140000,apache01,,2021_03_07-A-1615111140,trace-2021_03_07-1615111140,22
1615111140005,Tomcat02,2021_03_07-A-1615111140,2021_03_07-B-1615111140,trace-2021_03_07-1615111140,35
1615111140010,Mysql01,2021_03_07-B-1615111140,2021_03_07-C-1615111140,trace-2021_03_07-1615111140,58
1615111200000,apache01,,2021_03_07-A-1615111200,trace-2021_03_07-1615111200,22
1615111200005,Tomcat02,2021_03_07-A-1615111200,2021_03_07-B-1615111200,trace-2021_03_07-1615111200,30
1615111200010,Mysql01,2021_03_07-B-1615111200,2021_03_07-C-1615111200,trace-2021_03_07-1615111200,60
1615111260000,apache01,,2021_03_07-A-1615111260,trace-2021_03_07-1615111260,20
1615111260005,Tomcat02,2021_03_07-A-1615111260,2021_03_07-B-1615111260,trace-2021_03_07-1615111260,38
1615111260010,Mysql01,2021_03_07-B-1615111260,2021_03_07-C-1615111260,trace-2021_03_07-1615111260,45
1615111320000,apache01,,2021_03_07-A-1615111320,trace-2021_03_07-1615111320,23
1615111320005,Tomcat02,2021_03_07-A-1615111320,2021_03_07-B-1615111320,trace-2021_03_07-1615111320,38
1615111320010,Mysql01,2021_03_07-B-1615111320,2021_03_07-C-1615111320,trace-2021_03_07-1615111320,46
1615111380000,apache01,,2021_03_07-A-1615111380,trace-2021_03_07-1615111380,26
1615111380005,Tomcat02,2021_03_07-A-1615111380,2021_03_07-B-1615111380,trace-2021_03_07-1615111380,36
1615111380010,Mysql01,2021_03_07-B-1615111380,2021_03_07-C-1615111380,trace-2021_03_07-1615111380,50
1615111440000,apache01,,2021_03_07-A-1615111440,trace-2021_03_07-1615111440,21
1615111440005,Tomcat02,2021_03_07-A-1615111440,2021_03_07-B-1615111440,trace-2021_03_07-1615111440,39
1615111440010,Mysql01,2021_03_07-B-1615111440,2021_03_07-C-1615111440,trace-2021_03_07-1615111440,45
1615111500000,apache01,,2021_03_07-A-1615111500,trace-2021_03_07-1615111500,21
1615111500005,Tomcat02,2021_03_07-A-1615111500,2021_03_07-B-1615111500,trace-2021_03_07-1615111500,35
1615111500010,Mysql01,2021_03_07-B-1615111500,2021_03_07-C-1615111500,trace-2021_03_07-1615111500,59
1615111560000,apache01,,2021_03_07-A-1615111560,trace-2021_03_07-1615111560,23
1615111560005,Tomcat02,2021_03_07-A-1615111560,2021_03_07-B-1615111560,trace-2021_03_07-1615111560,38
1615111560010,Mysql01,2021_03_07-B-1615111560,2021_03_07-C-1615111560,trace-2021_03_07-1615111560,47
1615111620000,apache01,,2021_03_07-A-1615111620,trace-2021_03_07-1615111620,27
1615111620005,Tomcat02,2021_03_07-A-1615111620,2021_03_07-B-1615111620,trace-2021_03_07-1615111620,37
1615111620010,Mysql01,2021_03_07-B-1615111620,2021_03_07-C-1615111620,trace-2021_03_07-1615111620,58
1615111680000,apache01,,2021_03_07-A-1615111680,trace-2021_03_07-1615111680,23
1615111680005,Tomcat02,2021_03_07-A-1615111680,2021_03_07-B-1615111680,trace-2021_03_07-1615111680,34
1615111680010,Mysql01,2021_03_07-B-1615111680,2021_03_07-C-1615111680,trace-2021_03_07-1615111680,49
1615111740000,apache01,,2021_03_07-A-1615111740,trace-2021_03_07-1615111740,22
1615111740005,Tomcat02,2021_03_07-A-1615111740,2021_03_07-B-1615111740,trace-2021_03_07-1615111740,33
1615111740010,Mysql01,2021_03_07-B-1615111740,2021_03_07-C-1615111740,trace-2021_03_07-1615111740,47
1615111800000,apache01,,2021_03_07-A-1615111800,trace-2021_03_07-1615111800,27
1615111800005,Tomcat02,2021_03_07-A-1615111800,2021_03_07-B-1615111800,trace-2021_03_07-1615111800,32
1615111800010,Mysql01,2021_03_07-B-1615111800,2021_03_07-C-1615111800,trace-2021_03_07-1615111800,58
1615111860000,apache01,,2021_03_07-A-1615111860,trace-2021_03_07-1615111860,24
1615111860005,Tomcat02,2021_03_07-A-1615111860,2021_03_07-B-1615111860,trace-2021_03_07-1615111860,32
1615111860010,Mysql01,2021_03_07-B-1615111860,2021_03_07-C-1615111860,trace-2021_03_07-1615111860,53
1615111920000,apache01,,2021_03_07-A-1615111920,trace-2021_03_07-1615111920,21
1615111920005,Tomcat02,2021_03_07-A-1615111920,2021_03_07-B-1615111920,trace-2021_03_07-1615111920,32
1615111920010,Mysql01,2021_03_07-B-1615111920,2021_03_07-C-1615111920,trace-2021_03_07-1615111920,57
1615111980000,apache01,,2021_03_07-A-1615111980,trace-2021_03_07-1615111980,21
1615111980005,Tomcat02,2021_03_07-A-1615111980,2021_03_07-B-1615111980,trace-2021_03_07-1615111980,34
1615111980010,Mysql01,2021_03_07-B-1615111980,2021_03_07-C-1615111980,trace-2021_03_07-1615111980,56
1615112040000,apache01,,2021_03_07-A-1615112040,trace-2021_03_07-1615112040,27
1615112040005,Tomcat02,2021_03_07-A-1615112040,2021_03_07-B-1615112040,trace-2021_03_07-1615112040,39
1615112040010,Mysql01,2021_03_07-B-1615112040,2021_03_07-C-1615112040,trace-2021_03_07-1615112040,53
1615112100000,apache01,,2021_03_07-A-1615112100,trace-2021_03_07-1615112100,20
1615112100005,Tomcat02,2021_03_07-A-1615112100,2021_03_07-B-1615112100,trace-2021_03_07-1615112100,30
1615112100010,Mysql01,2021_03_07-B-1615112100,2021_03_07-C-1615112100,trace-2021_03_07-1615112100,45
1615112160000,apache01,,2021_03_07-A-1615112160,trace-2021_03_07-1615112160,20
1615112160005,Tomcat02,2021_03_07-A-1615112160,2021_03_07-B-1615112160,trace-2021_03_07-1615112160,37
1615112160010,Mysql01,2021_03_07-B-1615112160,2021_03_07-C-1615112160,trace-2021_03_07-1615112160,51
1615112220000,apache01,,2021_03_07-A-1615112220,trace-2021_03_07-1615112220,27
1615112220005,Tomcat02,2021_03_07-A-1615112220,2021_03_07-B-1615112220,trace-2021_03_07-1615112220,38
1615112220010,Mysql01,2021_03_07-B-1615112220,2021_03_07-C-1615112220,trace-2021_03_07-1615112220,45
1615112280000,apache01,,2021_03_07-A-1615112280,trace-2021_03_07-1615112280,27
1615112280005,Tomcat02,2021_03_07-A-1615112280,2021_03_07-B-1615112280,trace-2021_03_07-1615112280,37
1615112280010,Mysql01,2021_03_07-B-1615112280,2021_03_07-C-1615112280,trace-2021_03_07-1615112280,59
1615112340000,apache01,,2021_03_07-A-1615112340,trace-2021_03_07-1615112340,25
1615112340005,Tomcat02,2021_03_07-A-1615112340,2021_03_07-B-1615112340,trace-2021_03_07-1615112340,35
1615112340010,Mysql01,2021_03_07-B-1615112340,2021_03_07-C-1615112340,trace-2021_03_07-1615112340,51
1615112400000,apache01,,2021_03_07-A-1615112400,trace-2021_03_07-1615112400,22
1615112400005,Tomcat02,2021_03_07-A-1615112400,2021_03_07-B-1615112400,trace-2021_03_07-1615112400,35
1615112400010,Mysql01,2021_03_07-B-1615112400,2021_03_07-C-1615112400,trace-2021_03_07-1615112400,45
1615112460000,apache01,,2021_03_07-A-1615112460,trace-2021_03_07-1615112460,21
1615112460005,Tomcat02,2021_03_07-A-1615112460,2021_03_07-B-1615112460,trace-2021_03_07-1615112460,30
1615112460010,Mysql01,2021_03_07-B-1615112460,2021_03_07-C-1615112460,trace-2021_03_07-1615112460,49
1615112520000,apache01,,2021_03_07-A-1615112520,trace-2021_03_07-1615112520,25
1615112520005,Tomcat02,2021_03_07-A-1615112520,2021_03_07-B-1615112520,trace-2021_03_07-1615112520,36
1615112520010,Mysql01,2021_03_07-B-1615112520,2021_03_07-C-1615112520,trace-2021_03_07-1615112520,54
1615112580000,apache01,,2021_03_07-A-1615112580,trace-2021_03_07-1615112580,26
1615112580005,Tomcat02,2021_03_07-A-1615112580,2021_03_07-B-1615112580,trace-2021_03_07-1615112580,31
1615112580010,Mysql01,2021_03_07-B-1615112580,2021_03_07-C-1615112580,trace-2021_03_07-1615112580,47
1615112640000,apache01,,2021_03_07-A-1615112640,trace-2021_03_07-1615112640,24
1615112640005,Tomcat02,2021_03_07-A-1615112640,2021_03_07-B-1615112640,trace-2021_03_07-1615112640,30
1615112640010,Mysql01,2021_03_07-B-1615112640,2021_03_07-C-1615112640,trace-2021_03_07-1615112640,57
1615112700000,apache01,,2021_03_07-A-1615112700,trace-2021_03_07-1615112700,21
1615112700005,Tomcat02,2021_03_07-A-1615112700,2021_03_07-B-1615112700,trace-2021_03_07-1615112700,37
1615112700010,Mysql01,2021_03_07-B-1615112700,2021_03_07-C-1615112700,trace-2021_03_07-1615112700,52
1615112760000,apache01,,2021_03_07-A-1615112760,trace-2021_03_07-1615112760,24
1615112760005,Tomcat02,2021_03_07-A-1615112760,2021_03_07-B-1615112760,trace-2021_03_07-1615112760,35
1615112760010,Mysql01,2021_03_07-B-1615112760,2021_03_07-C-1615112760,trace-2021_03_07-1615112760,51
1615112820000,apache01,,2021_03_07-A-1615112820,trace-2021_03_07-1615112820,26
1615112820005,Tomcat02,2021_03_07-A-1615112820,2021_03_07-B-1615112820,trace-2021_03_07-1615112820,33
1615112820010,Mysql01,2021_03_07-B-1615112820,2021_03_07-C-1615112820,trace-2021_03_07-1615112820,45
1615112880000,apache01,,2021_03_07-A-1615112880,trace-2021_03_07-1615112880,25
1615112880005,Tomcat02,2021_03_07-A-1615112880,2021_03_07-B-1615112880,trace-2021_03_07-1615112880,37
1615112880010,Mysql01,2021_03_07-B-1615112880,2021_03_07-C-1615112880,trace-2021_03_07-1615112880,46
1615112940000,apache01,,2021_03_07-A-1615112940,trace-2021_03_07-1615112940,24
1615112940005,Tomcat02,2021_03_07-A-1615112940,2021_03_07-B-1615112940,trace-2021_03_07-1615112940,38
1615112940010,Mysql01,2021_03_07-B-1615112940,2021_03_07-C-1615112940,trace-2021_03_07-1615112940,60
1615113000000,apache01,,2021_03_07-A-1615113000,trace-2021_03_07-1615113000,27
1615113000005,Tomcat02,2021_03_07-A-1615113000,2021_03_07-B-1615113000,trace-2021_03_07-1615113000,31
1615113000010,Mysql01,2021_03_07-B-1615113000,2021_03_07-C-1615113000,trace-2021_03_07-1615113000,53
1615113060000,apache01,,2021_03_07-A-1615113060,trace-2021_03_07-1615113060,27
1615113060005,Tomcat02,2021_03_07-A-1615113060,2021_03_07-B-1615113060,trace-2021_03_07-1615113060,33
1615113060010,Mysql01,2021_03_07-B-1615113060,2021_03_07-C-1615113060,trace-2021_03_07-1615113060,56
1615113120000,apache01,,2021_03_07-A-1615113120,trace-2021_03_07-1615113120,20
1615113120005,Tomcat02,2021_03_07-A-1615113120,2021_03_07-B-1615113120,trace-2021_03_07-1615113120,32
1615113120010,Mysql01,2021_03_07-B-1615113120,2021_03_07-C-1615113120,trace-2021_03_07-1615113120,47
1615113180000,apache01,,2021_03_07-A-1615113180,trace-2021_03_07-1615113180,20
1615113180005,Tomcat02,2021_03_07-A-1615113180,2021_03_07-B-1615113180,trace-2021_03_07-1615113180,32
1615113180010,Mysql01,2021_03_07-B-1615113180,2021_03_07-C-1615113180,trace-2021_03_07-1615113180,57
1615113240000,apache01,,2021_03_07-A-1615113240,trace-2021_03_07-1615113240,25
1615113240005,Tomcat02,2021_03_07-A-1615113240,2021_03_07-B-1615113240,trace-2021_03_07-1615113240,32
1615113240010,Mysql01,2021_03_07-B-1615113240,2021_03_07-C-1615113240,trace-2021_03_07-1615113240,49
1615113300000,apache01,,2021_03_07-A-1615113300,trace-2021_03_07-1615113300,24
1615113300005,Tomcat02,2021_03_07-A-1615113300,2021_03_07-B-1615113300,trace-2021_03_07-1615113300,31
1615113300010,Mysql01,2021_03_07-B-1615113300,2021_03_07-C-1615113300,trace-2021_03_07-1615113300,48
1615113360000,apache01,,2021_03_07-A-1615113360,trace-2021_03_07-1615113360,25
1615113360005,Tomcat02,2021_03_07-A-1615113360,2021_03_07-B-1615113360,trace-2021_03_07-1615113360,35
1615113360010,Mysql01,2021_03_07-B-1615113360,2021_03_07-C-1615113360,trace-2021_03_07-1615113360,55
1615113420000,apache01,,2021_03_07-A-1615113420,trace-2021_03_07-1615113420,20
1615113420005,Tomcat02,2021_03_07-A-1615113420,2021_03_07-B-1615113420,trace-2021_03_07-1615113420,35
1615113420010,Mysql01,2021_03_07-B-1615113420,2021_03_07-C-1615113420,trace-2021_03_07-1615113420,60
1615113480000,apache01,,2021_03_07-A-1615113480,trace-2021_03_07-1615113480,27
1615113480005,Tomcat02,2021_03_07-A-1615113480,2021_03_07-B-1615113480,trace-2021_03_07-1615113480,34
1615113480010,Mysql01,2021_03_07-B-1615113480,2021_03_07-C-1615113480,trace-2021_03_07-1615113480,50
1615113540000,apache01,,2021_03_07-A-1615113540,trace-2021_03_07-1615113540,23
1615113540005,Tomcat02,2021_03_07-A-1615113540,2021_03_07-B-1615113540,trace-2021_03_07-1615113540,36
1615113540010,Mysql01,2021_03_07-B-1615113540,2021_03_07-C-1615113540,trace-2021_03_07-1615113540,53
1615113600000,apache01,,2021_03_07-A-1615113600,trace-2021_03_07-1615113600,25
1615113600005,Tomcat02,2021_03_07-A-1615113600,2021_03_07-B-1615113600,trace-2021_03_07-1615113600,32
1615113600010,Mysql01,2021_03_07-B-1615113600,2021_03_07-C-1615113600,trace-2021_03_07-1615113600,58
1615113660000,apache01,,2021_03_07-A-1615113660,trace-2021_03_07-1615113660,27
1615113660005,Tomcat02,2021_03_07-A-1615113660,2021_03_07-B-1615113660,trace-2021_03_07-1615113660,39
1615113660010,Mysql01,2021_03_07-B-1615113660,2021_03_07-C-1615113660,trace-2021_03_07-1615113660,49
1615113720000,apache01,,2021_03_07-A-1615113720,trace-2021_03_07-1615113720,22
1615113720005,Tomcat02,2021_03_07-A-1615113720,2021_03_07-B-1615113720,trace-2021_03_07-1615113720,30
1615113720010,Mysql01,2021_03_07-B-1615113720,2021_03_07-C-1615113720,trace-2021_03_07-1615113720,57
1615113780000,apache01,,2021_03_07-A-1615113780,trace-2021_03_07-1615113780,26
1615113780005,Tomcat02,2021_03_07-A-1615113780,2021_03_07-B-1615113780,trace-2021_03_07-1615113780,36
1615113780010,Mysql01,2021_03_07-B-1615113780,2021_03_07-C-1615113780,trace-2021_03_07-1615113780,55
1615113840000,apache01,,2021_03_07-A-1615113840,trace-2021_03_07-1615113840,23
1615113840005,Tomcat02,2021_03_07-A-1615113840,2021_03_07-B-1615113840,trace-2021_03_07-1615113840,31
1615113840010,Mysql01,2021_03_07-B-1615113840,2021_03_07-C-1615113840,trace-2021_03_07-1615113840,47
1615113900000,apache01,,2021_03_07-A-1615113900,trace-2021_03_07-1615113900,22
1615113900005,Tomcat02,2021_03_07-A-1615113900,2021_03_07-B-1615113900,trace-2021_03_07-1615113900,37
1615113900010,Mysql01,2021_03_07-B-1615113900,2021_03_07-C-1615113900,trace-2021_03_07-1615113900,45
1615113960000,apache01,,2021_03_07-A-1615113960,trace-2021_03_07-1615113960,25
1615113960005,Tomcat02,2021_03_07-A-1615113960,2021_03_07-B-1615113960,trace-2021_03_07-1615113960,33
1615113960010,Mysql01,2021_03_07-B-1615113960,2021_03_07-C-1615113960,trace-2021_03_07-1615113960,59
1615114020000,apache01,,2021_03_07-A-1615114020,trace-2021_03_07-1615114020,22
1615114020005,Tomcat02,2021_03_07-A-1615114020,2021_03_07-B-1615114020,trace-2021_03_07-1615114020,35
1615114020010,Mysql01,2021_03_07-B-1615114020,2021_03_07-C-1615114020,trace-2021_03_07-1615114020,49
1615114080000,apache01,,2021_03_07-A-1615114080,trace-2021_03_07-1615114080,24
1615114080005,Tomcat02,2021_03_07-A-1615114080,2021_03_07-B-1615114080,trace-2021_03_07-1615114080,38
1615114080010,Mysql01,2021_03_07-B-1615114080,2021_03_07-C-1615114080,trace-2021_03_07-1615114080,49
1615114140000,apache01,,2021_03_07-A-1615114140,trace-2021_03_07-1615114140,23
1615114140005,Tomcat02,2021_03_07-A-1615114140,2021_03_07-B-1615114140,trace-2021_03_07-1615114140,39
1615114140010,Mysql01,2021_03_07-B-1615114140,2021_03_07-C-1615114140,trace-2021_03_07-1615114140,51
1615114200000,apache01,,2021_03_07-A-1615114200,trace-2021_03_07-1615114200,25
1615114200005,Tomcat02,2021_03_07-A-1615114200,2021_03_07-B-1615114200,trace-2021_03_07-1615114200,36
1615114200010,Mysql01,2021_03_07-B-1615114200,2021_03_07-C-1615114200,trace-2021_03_07-1615114200,60
1615114260000,apache01,,2021_03_07-A-1615114260,trace-2021_03_07-1615114260,23
1615114260005,Tomcat02,2021_03_07-A-1615114260,2021_03_07-B-1615114260,trace-2021_03_07-1615114260,38
1615114260010,Mysql01,2021_03_07-B-1615114260,2021_03_07-C-1615114260,trace-2021_03_07-1615114260,58
1615114320000,apache01,,2021_03_07-A-1615114320,trace-2021_03_07-1615114320,20
1615114320005,Tomcat02,2021_03_07-A-1615114320,2021_03_07-B-1615114320,trace-2021_03_07-1615114320,38
1615114320010,Mysql01,2021_03_07-B-1615114320,2021_03_07-C-1615114320,trace-2021_03_07-1615114320,48
1615114380000,apache01,,2021_03_07-A-1615114380,trace-2021_03_07-1615114380,26
1615114380005,Tomcat02,2021_03_07-A-1615114380,2021_03_07-B-1615114380,trace-2021_03_07-1615114380,31
1615114380010,Mysql01,2021_03_07-B-1615114380,2021_03_07-C-1615114380,trace-2021_03_07-1615114380,56
1615114440000,apache01,,2021_03_07-A-1615114440,trace-2021_03_07-1615114440,27
1615114440005,Tomcat02,2021_03_07-A-1615114440,2021_03_07-B-1615114440,trace-2021_03_07-1615114440,32
1615114440010,Mysql01,2021_03_07-B-1615114440,2021_03_07-C-1615114440,trace-2021_03_07-1615114440,46
1615114500000,apache01,,2021_03_07-A-1615114500,trace-2021_03_07-1615114500,24
1615114500005,Tomcat02,2021_03_07-A-1615114500,2021_03_07-B-1615114500,trace-2021_03_07-1615114500,31
1615114500010,Mysql01,2021_03_07-B-1615114500,2021_03_07-C-1615114500,trace-2021_03_07-1615114500,47
1615114560000,apache01,,2021_03_07-A-1615114560,trace-2021_03_07-1615114560,22
1615114560005,Tomcat02,2021_03_07-A-1615114560,2021_03_07-B-1615114560,trace-2021_03_07-1615114560,39
1615114560010,Mysql01,2021_03_07-B-1615114560,2021_03_07-C-1615114560,trace-2021_03_07-1615114560,45
1615114620000,apache01,,2021_03_07-A-1615114620,trace-2021_03_07-1615114620,22
1615114620005,Tomcat02,2021_03_07-A-1615114620,2021_03_07-B-1615114620,trace-2021_03_07-1615114620,32
1615114620010,Mysql01,2021_03_07-B-1615114620,2021_03_07-C-1615114620,trace-2021_03_07-1615114620,48
1615114680000,apache01,,2021_03_07-A-1615114680,trace-2021_03_07-1615114680,23
1615114680005,Tomcat02,2021_03_07-A-1615114680,2021_03_07-B-1615114680,trace-2021_03_07-1615114680,34
1615114680010,Mysql01,2021_03_07-B-1615114680,2021_03_07-C-1615114680,trace-2021_03_07-1615114680,56
1615114740000,apache01,,2021_03_07-A-1615114740,trace-2021_03_07-1615114740,24
1615114740005,Tomcat02,2021_03_07-A-1615114740,2021_03_07-B-1615114740,trace-2021_03_07-1615114740,30
1615114740010,Mysql01,2021_03_07-B-1615114740,2021_03_07-C-1615114740,trace-2021_03_07-1615114740,58
1615114800000,apache01,,2021_03_07-A-1615114800,trace-2021_03_07-1615114800,22
1615114800005,Tomcat02,2021_03_07-A-1615114800,2021_03_07-B-1615114800,trace-2021_03_07-1615114800,38
1615114800010,Mysql01,2021_03_07-B-1615114800,2021_03_07-C-1615114800,trace-2021_03_07-1615114800,58
1615114860000,apache01,,2021_03_07-A-1615114860,trace-2021_03_07-1615114860,24
1615114860005,Tomcat02,2021_03_07-A-1615114860,2021_03_07-B-1615114860,trace-2021_03_07-1615114860,36
1615114860010,Mysql01,2021_03_07-B-1615114860,2021_03_07-C-1615114860,trace-2021_03_07-1615114860,46
1615114920000,apache01,,2021_03_07-A-1615114920,trace-2021_03_07-1615114920,21
1615114920005,Tomcat02,2021_03_07-A-1615114920,2021_03_07-B-1615114920,trace-2021_03_07-1615114920,34
1615114920010,Mysql01,2021_03_07-B-1615114920,2021_03_07-C-1615114920,trace-2021_03_07-1615114920,45
1615114980000,apache01,,2021_03_07-A-1615114980,trace-2021_03_07-1615114980,27
1615114980005,Tomcat02,2021_03_07-A-1615114980,2021_03_07-B-1615114980,trace-2021_03_07-1615114980,37
1615114980010,Mysql01,2021_03_07-B-1615114980,2021_03_07-C-1615114980,trace-2021_03_07-1615114980,53
1615115040000,apache01,,2021_03_07-A-1615115040,trace-2021_03_07-1615115040,22
1615115040005,Tomcat02,2021_03_07-A-1615115040,2021_03_07-B-1615115040,trace-2021_03_07-1615115040,39
1615115040010,Mysql01,2021_03_07-B-1615115040,2021_03_07-C-1615115040,trace-2021_03_07-1615115040,58
1615115100000,apache01,,2021_03_07-A-1615115100,trace-2021_03_07-1615115100,22
1615115100005,Tomcat02,2021_03_07-A-1615115100,2021_03_07-B-1615115100,trace-2021_03_07-1615115100,38
1615115100010,Mysql01,2021_03_07-B-1615115100,2021_03_07-C-1615115100,trace-2021_03_07-1615115100,46
1615115160000,apache01,,2021_03_07-A-1615115160,trace-2021_03_07-1615115160,24
1615115160005,Tomcat02,2021_03_07-A-1615115160,2021_03_07-B-1615115160,trace-2021_03_07-1615115160,34
1615115160010,Mysql01,2021_03_07-B-1615115160,2021_03_07-C-1615115160,trace-2021_03_07-1615115160,57
1615115220000,apache01,,2021_03_07-A-1615115220,trace-2021_03_07-1615115220,22
1615115220005,Tomcat02,2021_03_07-A-1615115220,2021_03_07-B-1615115220,trace-2021_03_07-1615115220,34
1615115220010,Mysql01,2021_03_07-B-1615115220,2021_03_07-C-1615115220,trace-2021_03_07-1615115220,49
1615115280000,apache01,,2021_03_07-A-1615115280,trace-2021_03_07-1615115280,22
1615115280005,Tomcat02,2021_03_07-A-1615115280,2021_03_07-B-1615115280,trace-2021_03_07-1615115280,30
1615115280010,Mysql01,2021_03_07-B-1615115280,2021_03_07-C-1615115280,trace-2021_03_07-1615115280,48
1615115340000,apache01,,2021_03_07-A-1615115340,trace-2021_03_07-1615115340,23
1615115340005,Tomcat02,2021_03_07-A-1615115340,2021_03_07-B-1615115340,trace-2021_03_07-1615115340,39
1615115340010,Mysql01,2021_03_07-B-1615115340,2021_03_07-C-1615115340,trace-2021_03_07-1615115340,47
1615115400000,apache01,,2021_03_07-A-1615115400,trace-2021_03_07-1615115400,26
1615115400005,Tomcat02,2021_03_07-A-1615115400,2021_03_07-B-1615115400,trace-2021_03_07-1615115400,35
1615115400010,Mysql01,2021_03_07-B-1615115400,2021_03_07-C-1615115400,trace-2021_03_07-1615115400,57
1615115460000,apache01,,2021_03_07-A-1615115460,trace-2021_03_07-1615115460,25
1615115460005,Tomcat02,2021_03_07-A-1615115460,2021_03_07-B-1615115460,trace-2021_03_07-1615115460,30
1615115460010,Mysql01,2021_03_07-B-1615115460,2021_03_07-C-1615115460,trace-2021_03_07-1615115460,58
1615115520000,apache01,,2021_03_07-A-1615115520,trace-2021_03_07-1615115520,25
1615115520005,Tomcat02,2021_03_07-A-1615115520,2021_03_07-B-1615115520,trace-2021_03_07-1615115520,37
1615115520010,Mysql01,2021_03_07-B-1615115520,2021_03_07-C-1615115520,trace-2021_03_07-1615115520,51
1615115580000,apache01,,2021_03_07-A-1615115580,trace-2021_03_07-1615115580,22
1615115580005,Tomcat02,2021_03_07-A-1615115580,2021_03_07-B-1615115580,trace-2021_03_07-1615115580,34
1615115580010,Mysql01,2021_03_07-B-1615115580,2021_03_07-C-1615115580,trace-2021_03_07-1615115580,57
1615115640000,apache01,,2021_03_07-A-1615115640,trace-2021_03_07-1615115640,25
1615115640005,Tomcat02,2021_03_07-A-1615115640,2021_03_07-B-1615115640,trace-2021_03_07-1615115640,39
1615115640010,Mysql01,2021_03_07-B-1615115640,2021_03_07-C-1615115640,trace-2021_03_07-1615115640,53
1615115700000,apache01,,2021_03_07-A-1615115700,trace-2021_03_07-1615115700,20
1615115700005,Tomcat02,2021_03_07-A-1615115700,2021_03_07-B-1615115700,trace-2021_03_07-1615115700,35
1615115700010,Mysql01,2021_03_07-B-1615115700,2021_03_07-C-1615115700,trace-2021_03_07-1615115700,60
1615115760000,apache01,,2021_03_07-A-1615115760,trace-2021_03_07-1615115760,21
1615115760005,Tomcat02,2021_03_07-A-1615115760,2021_03_07-B-1615115760,trace-2021_03_07-1615115760,36
1615115760010,Mysql01,2021_03_07-B-1615115760,2021_03_07-C-1615115760,trace-2021_03_07-1615115760,45
1615115820000,apache01,,2021_03_07-A-1615115820,trace-2021_03_07-1615115820,25
1615115820005,Tomcat02,2021_03_07-A-1615115820,2021_03_07-B-1615115820,trace-2021_03_07-1615115820,31
1615115820010,Mysql01,2021_03_07-B-1615115820,2021_03_07-C-1615115820,trace-2021_03_07-1615115820,54
1615115880000,apache01,,2021_03_07-A-1615115880,trace-2021_03_07-1615115880,22
1615115880005,Tomcat02,2021_03_07-A-1615115880,2021_03_07-B-1615115880,trace-2021_03_07-1615115880,38
1615115880010,Mysql01,2021_03_07-B-1615115880,2021_03_07-C-1615115880,trace-2021_03_07-1615115880,45
1615115940000,apache01,,2021_03_07-A-1615115940,trace-2021_03_07-1615115940,21
1615115940005,Tomcat02,2021_03_07-A-1615115940,2021_03_07-B-1615115940,trace-2021_03_07-1615115940,39
1615115940010,Mysql01,2021_03_07-B-1615115940,2021_03_07-C-1615115940,trace-2021_03_07-1615115940,51
1615116000000,apache01,,2021_03_07-A-1615116000,trace-2021_03_07-1615116000,23
1615116000005,Tomcat02,2021_03_07-A-1615116000,2021_03_07-B-1615116000,trace-2021_03_07-1615116000,34
1615116000010,Mysql01,2021_03_07-B-1615116000,2021_03_07-C-1615116000,trace-2021_03_07-1615116000,58
1615116060000,apache01,,2021_03_07-A-1615116060,trace-2021_03_07-1615116060,27
1615116060005,Tomcat02,2021_03_07-A-1615116060,2021_03_07-B-1615116060,trace-2021_03_07-1615116060,30
1615116060010,Mysql01,2021_03_07-B-1615116060,2021_03_07-C-1615116060,trace-2021_03_07-1615116060,48
1615116120000,apache01,,2021_03_07-A-1615116120,trace-2021_03_07-1615116120,21
1615116120005,Tomcat02,2021_03_07-A-1615116120,2021_03_07-B-1615116120,trace-2021_03_07-1615116120,32
1615116120010,Mysql01,2021_03_07-B-1615116120,2021_03_07-C-1615116120,trace-2021_03_07-1615116120,48
1615116180000,apache01,,2021_03_07-A-1615116180,trace-2021_03_07-1615116180,27
1615116180005,Tomcat02,2021_03_07-A-1615116180,2021_03_07-B-1615116180,trace-2021_03_07-1615116180,30
1615116180010,Mysql01,2021_03_07-B-1615116180,2021_03_07-C-1615116180,trace-2021_03_07-1615116180,59
1615116240000,apache01,,2021_03_07-A-1615116240,trace-2021_03_07-1615116240,26
1615116240005,Tomcat02,2021_03_07-A-1615116240,2021_03_07-B-1615116240,trace-2021_03_07-1615116240,38
1615116240010,Mysql01,2021_03_07-B-1615116240,2021_03_07-C-1615116240,trace-2021_03_07-1615116240,49
1615116300000,apache01,,2021_03_07-A-1615116300,trace-2021_03_07-1615116300,25
1615116300005,Tomcat02,2021_03_07-A-1615116300,2021_03_07-B-1615116300,trace-2021_03_07-1615116300,33
1615116300010,Mysql01,2021_03_07-B-1615116300,2021_03_07-C-1615116300,trace-2021_03_07-1615116300,58
1615116360000,apache01,,2021_03_07-A-1615116360,trace-2021_03_07-1615116360,22
1615116360005,Tomcat02,2021_03_07-A-1615116360,2021_03_07-B-1615116360,trace-2021_03_07-1615116360,39
1615116360010,Mysql01,2021_03_07-B-1615116360,2021_03_07-C-1615116360,trace-2021_03_07-1615116360,57
1615116420000,apache01,,2021_03_07-A-1615116420,trace-2021_03_07-1615116420,25
1615116420005,Tomcat02,2021_03_07-A-1615116420,2021_03_07-B-1615116420,trace-2021_03_07-1615116420,31
1615116420010,Mysql01,2021_03_07-B-1615116420,2021_03_07-C-1615116420,trace-2021_03_07-1615116420,60
1615116480000,apache01,,2021_03_07-A-1615116480,trace-2021_03_07-1615116480,20
1615116480005,Tomcat02,2021_03_07-A-1615116480,2021_03_07-B-1615116480,trace-2021_03_07-1615116480,36
1615116480010,Mysql01,2021_03_07-B-1615116480,2021_03_07-C-1615116480,trace-2021_03_07-1615116480,52
1615116540000,apache01,,2021_03_07-A-1615116540,trace-2021_03_07-1615116540,27
1615116540005,Tomcat02,2021_03_07-A-1615116540,2021_03_07-B-1615116540,trace-2021_03_07-1615116540,39
1615116540010,Mysql01,2021_03_07-B-1615116540,2021_03_07-C-1615116540,trace-2021_03_07-1615116540,47
1615116600000,apache01,,2021_03_07-A-1615116600,trace-2021_03_07-1615116600,21
1615116600005,Tomcat02,2021_03_07-A-1615116600,2021_03_07-B-1615116600,trace-2021_03_07-1615116600,31
1615116600010,Mysql01,2021_03_07-B-1615116600,2021_03_07-C-1615116600,trace-2021_03_07-1615116600,59
1615116660000,apache01,,2021_03_07-A-1615116660,trace-2021_03_07-1615116660,25
1615116660005,Tomcat02,2021_03_07-A-1615116660,2021_03_07-B-1615116660,trace-2021_03_07-1615116660,39
1615116660010,Mysql01,2021_03_07-B-1615116660,2021_03_07-C-1615116660,trace-2021_03_07-1615116660,52
1615116720000,apache01,,2021_03_07-A-1615116720,trace-2021_03_07-1615116720,25
1615116720005,Tomcat02,2021_03_07-A-1615116720,2021_03_07-B-1615116720,trace-2021_03_07-1615116720,36
1615116720010,Mysql01,2021_03_07-B-1615116720,2021_03_07-C-1615116720,trace-2021_03_07-1615116720,52
1615116780000,apache01,,2021_03_07-A-1615116780,trace-2021_03_07-1615116780,24
1615116780005,Tomcat02,2021_03_07-A-1615116780,2021_03_07-B-1615116780,trace-2021_03_07-1615116780,30
1615116780010,Mysql01,2021_03_07-B-1615116780,2021_03_07-C-1615116780,trace-2021_03_07-1615116780,53
1615116840000,apache01,,2021_03_07-A-1615116840,trace-2021_03_07-1615116840,27
1615116840005,Tomcat02,2021_03_07-A-1615116840,2021_03_07-B-1615116840,trace-2021_03_07-1615116840,31
1615116840010,Mysql01,2021_03_07-B-1615116840,2021_03_07-C-1615116840,trace-2021_03_07-1615116840,57
1615116900000,apache01,,2021_03_07-A-1615116900,trace-2021_03_07-1615116900,26
1615116900005,Tomcat02,2021_03_07-A-1615116900,2021_03_07-B-1615116900,trace-2021_03_07-1615116900,33
1615116900010,Mysql01,2021_03_07-B-1615116900,2021_03_07-C-1615116900,trace-2021_03_07-1615116900,51
